{
  "greenYellowSplitValue" : 0.18100160917919833,
  "yellowRedSplitValue" : 0.48369723900042105
}