{
  "greenYellowSplitValue" : 0.11690350150623802,
  "yellowRedSplitValue" : 0.23322870214611185
}