{
  "greenYellowSplitValue" : 0.19958596098589798,
  "yellowRedSplitValue" : 0.281719931491567
}